Method,violation_rate-mean,condorcet_loser-mean,condorcet_winner-mean,core-mean,dummetts_condition-mean,ejr-mean,fixed_majority-mean,jr-mean,local_stability-mean,majority-mean,majority_loser-mean,solid_coalitions-mean,strong_pareto_efficiency-mean,strong_unanimity-mean
NN-0,0.05944055944055944,0.045454545454545456,0.5,0.0,0.0,0.0,0.09090909090909091,0.0,0.0,0.09090909090909091,0.0,0.0,0.045454545454545456,0.0
NN-1,0.048951048951048945,0.045454545454545456,0.45454545454545453,0.0,0.0,0.0,0.045454545454545456,0.0,0.0,0.045454545454545456,0.0,0.0,0.045454545454545456,0.0
NN-2,0.052447552447552434,0.045454545454545456,0.45454545454545453,0.0,0.0,0.0,0.045454545454545456,0.0,0.045454545454545456,0.045454545454545456,0.0,0.0,0.045454545454545456,0.0
NN-3,0.06293706293706293,0.045454545454545456,0.5454545454545454,0.0,0.0,0.0,0.09090909090909091,0.0,0.0,0.09090909090909091,0.0,0.0,0.045454545454545456,0.0
NN-4,0.06643356643356643,0.045454545454545456,0.5454545454545454,0.0,0.0,0.0,0.09090909090909091,0.0,0.045454545454545456,0.09090909090909091,0.0,0.0,0.045454545454545456,0.0
NN-5,0.04545454545454545,0.045454545454545456,0.4090909090909091,0.0,0.0,0.0,0.045454545454545456,0.0,0.0,0.045454545454545456,0.0,0.0,0.045454545454545456,0.0
NN-6,0.04545454545454545,0.045454545454545456,0.4090909090909091,0.0,0.0,0.0,0.045454545454545456,0.0,0.0,0.045454545454545456,0.0,0.0,0.045454545454545456,0.0
NN-7,0.048951048951048945,0.045454545454545456,0.45454545454545453,0.0,0.0,0.0,0.045454545454545456,0.0,0.0,0.045454545454545456,0.0,0.0,0.045454545454545456,0.0
NN-8,0.052447552447552434,0.045454545454545456,0.5,0.0,0.0,0.0,0.045454545454545456,0.0,0.0,0.045454545454545456,0.0,0.0,0.045454545454545456,0.0
NN-9,0.05944055944055944,0.045454545454545456,0.5,0.0,0.0,0.0,0.09090909090909091,0.0,0.0,0.09090909090909091,0.0,0.0,0.045454545454545456,0.0
NN-10,0.05944055944055944,0.045454545454545456,0.5,0.0,0.0,0.0,0.09090909090909091,0.0,0.0,0.09090909090909091,0.0,0.0,0.045454545454545456,0.0
NN-11,0.038461538461538464,0.045454545454545456,0.36363636363636365,0.0,0.0,0.0,0.045454545454545456,0.0,0.0,0.045454545454545456,0.0,0.0,0.0,0.0
NN-12,0.04545454545454545,0.045454545454545456,0.4090909090909091,0.0,0.0,0.0,0.045454545454545456,0.0,0.0,0.045454545454545456,0.0,0.0,0.045454545454545456,0.0
NN-13,0.05944055944055944,0.045454545454545456,0.5,0.0,0.0,0.0,0.09090909090909091,0.0,0.0,0.09090909090909091,0.0,0.0,0.045454545454545456,0.0
NN-14,0.04195804195804195,0.045454545454545456,0.4090909090909091,0.0,0.0,0.0,0.045454545454545456,0.0,0.0,0.045454545454545456,0.0,0.0,0.0,0.0
NN-15,0.05944055944055944,0.045454545454545456,0.5,0.0,0.0,0.0,0.09090909090909091,0.0,0.0,0.09090909090909091,0.0,0.0,0.045454545454545456,0.0
NN-16,0.048951048951048945,0.045454545454545456,0.45454545454545453,0.0,0.0,0.0,0.045454545454545456,0.0,0.0,0.045454545454545456,0.0,0.0,0.045454545454545456,0.0
NN-17,0.04545454545454545,0.045454545454545456,0.4090909090909091,0.0,0.0,0.0,0.045454545454545456,0.0,0.0,0.045454545454545456,0.0,0.0,0.045454545454545456,0.0
NN-18,0.05594405594405593,0.045454545454545456,0.5,0.0,0.0,0.0,0.045454545454545456,0.0,0.045454545454545456,0.045454545454545456,0.0,0.0,0.045454545454545456,0.0
NN-19,0.048951048951048945,0.045454545454545456,0.45454545454545453,0.0,0.0,0.0,0.045454545454545456,0.0,0.0,0.045454545454545456,0.0,0.0,0.045454545454545456,0.0
Min Violations Committee,0.0,0.0,0.0,0.0,0.0,0.0,0.0,0.0,0.0,0.0,0.0,0.0,0.0,0.0
Max Violations Committee,0.3846153846153847,0.8181818181818182,0.9090909090909091,0.13636363636363635,0.13636363636363635,0.13636363636363635,0.4090909090909091,0.13636363636363635,0.5909090909090909,0.4090909090909091,0.3181818181818182,0.13636363636363635,0.7272727272727273,0.13636363636363635
Random Choice,0.24825174825174823,0.09090909090909091,0.8181818181818182,0.13636363636363635,0.13636363636363635,0.13636363636363635,0.36363636363636365,0.13636363636363635,0.2727272727272727,0.36363636363636365,0.045454545454545456,0.13636363636363635,0.45454545454545453,0.13636363636363635
Borda ranking,0.024475524475524476,0.0,0.22727272727272727,0.0,0.0,0.0,0.045454545454545456,0.0,0.0,0.045454545454545456,0.0,0.0,0.0,0.0
Plurality ranking,0.024475524475524476,0.0,0.3181818181818182,0.0,0.0,0.0,0.0,0.0,0.0,0.0,0.0,0.0,0.0,0.0
STV,0.006993006993006993,0.0,0.09090909090909091,0.0,0.0,0.0,0.0,0.0,0.0,0.0,0.0,0.0,0.0,0.0
Approval Voting (AV),0.013986013986013986,0.0,0.18181818181818182,0.0,0.0,0.0,0.0,0.0,0.0,0.0,0.0,0.0,0.0,0.0
Proportional Approval Voting (PAV),0.013986013986013986,0.0,0.18181818181818182,0.0,0.0,0.0,0.0,0.0,0.0,0.0,0.0,0.0,0.0,0.0
Approval Chamberlin-Courant (CC),0.013986013986013986,0.0,0.18181818181818182,0.0,0.0,0.0,0.0,0.0,0.0,0.0,0.0,0.0,0.0,0.0
Lexicographic Chamberlin-Courant (lex-CC),0.013986013986013986,0.0,0.18181818181818182,0.0,0.0,0.0,0.0,0.0,0.0,0.0,0.0,0.0,0.0,0.0
Sequential Approval Chamberlin-Courant (seq-CC),0.024475524475524476,0.0,0.3181818181818182,0.0,0.0,0.0,0.0,0.0,0.0,0.0,0.0,0.0,0.0,0.0
Monroe's Approval Rule (Monroe),0.013986013986013986,0.0,0.18181818181818182,0.0,0.0,0.0,0.0,0.0,0.0,0.0,0.0,0.0,0.0,0.0
Greedy Monroe,0.024475524475524476,0.0,0.3181818181818182,0.0,0.0,0.0,0.0,0.0,0.0,0.0,0.0,0.0,0.0,0.0
Minimax Approval Voting (MAV),0.15384615384615383,0.13636363636363635,0.6818181818181818,0.0,0.0,0.0,0.2727272727272727,0.0,0.2727272727272727,0.2727272727272727,0.045454545454545456,0.0,0.3181818181818182,0.0
Method of Equal Shares (aka Rule X) with Phragm√©n phase,0.024475524475524476,0.0,0.3181818181818182,0.0,0.0,0.0,0.0,0.0,0.0,0.0,0.0,0.0,0.0,0.0
E Pluribus Hugo (EPH),0.013986013986013986,0.0,0.18181818181818182,0.0,0.0,0.0,0.0,0.0,0.0,0.0,0.0,0.0,0.0,0.0
Random Serial Dictator,0.020979020979020976,0.0,0.2727272727272727,0.0,0.0,0.0,0.0,0.0,0.0,0.0,0.0,0.0,0.0,0.0
Anti-Plurality,0.18881118881118877,0.0,0.7272727272727273,0.09090909090909091,0.09090909090909091,0.09090909090909091,0.3181818181818182,0.09090909090909091,0.13636363636363635,0.3181818181818182,0.0,0.09090909090909091,0.4090909090909091,0.09090909090909091
Two-Approval,0.027972027972027972,0.0,0.22727272727272727,0.0,0.0,0.0,0.045454545454545456,0.0,0.0,0.045454545454545456,0.0,0.0,0.045454545454545456,0.0
Three-Approval,0.08041958041958042,0.0,0.36363636363636365,0.045454545454545456,0.045454545454545456,0.045454545454545456,0.13636363636363635,0.045454545454545456,0.045454545454545456,0.13636363636363635,0.0,0.045454545454545456,0.09090909090909091,0.045454545454545456
Instant Runoff,0.006993006993006993,0.0,0.09090909090909091,0.0,0.0,0.0,0.0,0.0,0.0,0.0,0.0,0.0,0.0,0.0
Bottom-Two-Runoff Instant Runoff,0.0,0.0,0.0,0.0,0.0,0.0,0.0,0.0,0.0,0.0,0.0,0.0,0.0,0.0
Benham,0.0,0.0,0.0,0.0,0.0,0.0,0.0,0.0,0.0,0.0,0.0,0.0,0.0,0.0
PluralityWRunoff PUT,0.010489510489510488,0.0,0.13636363636363635,0.0,0.0,0.0,0.0,0.0,0.0,0.0,0.0,0.0,0.0,0.0
Coombs,0.01748251748251748,0.0,0.22727272727272727,0.0,0.0,0.0,0.0,0.0,0.0,0.0,0.0,0.0,0.0,0.0
Baldwin,0.0,0.0,0.0,0.0,0.0,0.0,0.0,0.0,0.0,0.0,0.0,0.0,0.0,0.0
Strict Nanson,0.0,0.0,0.0,0.0,0.0,0.0,0.0,0.0,0.0,0.0,0.0,0.0,0.0,0.0
Weak Nanson,0.0,0.0,0.0,0.0,0.0,0.0,0.0,0.0,0.0,0.0,0.0,0.0,0.0,0.0
Iterated Removal Condorcet Loser,0.07342657342657342,0.0,0.4090909090909091,0.0,0.0,0.0,0.13636363636363635,0.0,0.0,0.13636363636363635,0.0,0.0,0.2727272727272727,0.0
Raynaud,0.0,0.0,0.0,0.0,0.0,0.0,0.0,0.0,0.0,0.0,0.0,0.0,0.0,0.0
Tideman Alternative Top Cycle,0.0,0.0,0.0,0.0,0.0,0.0,0.0,0.0,0.0,0.0,0.0,0.0,0.0,0.0
Knockout Voting,0.0,0.0,0.0,0.0,0.0,0.0,0.0,0.0,0.0,0.0,0.0,0.0,0.0,0.0
Banks,0.0,0.0,0.0,0.0,0.0,0.0,0.0,0.0,0.0,0.0,0.0,0.0,0.0,0.0
Condorcet,0.006993006993006993,0.0,0.045454545454545456,0.0,0.0,0.0,0.0,0.0,0.0,0.0,0.0,0.0,0.045454545454545456,0.0
Copeland,0.0,0.0,0.0,0.0,0.0,0.0,0.0,0.0,0.0,0.0,0.0,0.0,0.0,0.0
Llull,0.0,0.0,0.0,0.0,0.0,0.0,0.0,0.0,0.0,0.0,0.0,0.0,0.0,0.0
Uncovered Set,0.0,0.0,0.0,0.0,0.0,0.0,0.0,0.0,0.0,0.0,0.0,0.0,0.0,0.0
Uncovered Set - Fishburn,0.0,0.0,0.0,0.0,0.0,0.0,0.0,0.0,0.0,0.0,0.0,0.0,0.0,0.0
Uncovered Set - Bordes,0.0,0.0,0.0,0.0,0.0,0.0,0.0,0.0,0.0,0.0,0.0,0.0,0.0,0.0
Uncovered Set - McKelvey,0.0,0.0,0.0,0.0,0.0,0.0,0.0,0.0,0.0,0.0,0.0,0.0,0.0,0.0
Slater,0.0,0.0,0.0,0.0,0.0,0.0,0.0,0.0,0.0,0.0,0.0,0.0,0.0,0.0
Top Cycle,0.006993006993006993,0.0,0.045454545454545456,0.0,0.0,0.0,0.0,0.0,0.0,0.0,0.0,0.0,0.045454545454545456,0.0
GOCHA,0.0,0.0,0.0,0.0,0.0,0.0,0.0,0.0,0.0,0.0,0.0,0.0,0.0,0.0
Bipartisan Set,0.0,0.0,0.0,0.0,0.0,0.0,0.0,0.0,0.0,0.0,0.0,0.0,0.0,0.0
Minimax,0.0,0.0,0.0,0.0,0.0,0.0,0.0,0.0,0.0,0.0,0.0,0.0,0.0,0.0
Split Cycle,0.0,0.0,0.0,0.0,0.0,0.0,0.0,0.0,0.0,0.0,0.0,0.0,0.0,0.0
Ranked Pairs ZT,0.006993006993006993,0.0,0.045454545454545456,0.0,0.0,0.0,0.0,0.0,0.0,0.0,0.0,0.0,0.045454545454545456,0.0
Ranked Pairs TB,0.006993006993006993,0.0,0.045454545454545456,0.0,0.0,0.0,0.0,0.0,0.0,0.0,0.0,0.0,0.045454545454545456,0.0
Simple Stable Voting,0.0,0.0,0.0,0.0,0.0,0.0,0.0,0.0,0.0,0.0,0.0,0.0,0.0,0.0
Stable Voting,0.0,0.0,0.0,0.0,0.0,0.0,0.0,0.0,0.0,0.0,0.0,0.0,0.0,0.0
Loss-Trimmer Voting,0.0,0.0,0.0,0.0,0.0,0.0,0.0,0.0,0.0,0.0,0.0,0.0,0.0,0.0
Daunou,0.0,0.0,0.0,0.0,0.0,0.0,0.0,0.0,0.0,0.0,0.0,0.0,0.0,0.0
Blacks,0.0,0.0,0.0,0.0,0.0,0.0,0.0,0.0,0.0,0.0,0.0,0.0,0.0,0.0
Condorcet IRV,0.0,0.0,0.0,0.0,0.0,0.0,0.0,0.0,0.0,0.0,0.0,0.0,0.0,0.0
Condorcet IRV PUT,0.0,0.0,0.0,0.0,0.0,0.0,0.0,0.0,0.0,0.0,0.0,0.0,0.0,0.0
Smith IRV,0.0,0.0,0.0,0.0,0.0,0.0,0.0,0.0,0.0,0.0,0.0,0.0,0.0,0.0
Smith-Minimax,0.0,0.0,0.0,0.0,0.0,0.0,0.0,0.0,0.0,0.0,0.0,0.0,0.0,0.0
Condorcet Plurality,0.0,0.0,0.0,0.0,0.0,0.0,0.0,0.0,0.0,0.0,0.0,0.0,0.0,0.0
Copeland-Local-Borda,0.0,0.0,0.0,0.0,0.0,0.0,0.0,0.0,0.0,0.0,0.0,0.0,0.0,0.0
Copeland-Global-Borda,0.0,0.0,0.0,0.0,0.0,0.0,0.0,0.0,0.0,0.0,0.0,0.0,0.0,0.0
Borda-Minimax Faceoff,0.0,0.0,0.0,0.0,0.0,0.0,0.0,0.0,0.0,0.0,0.0,0.0,0.0,0.0
Bucklin,0.013986013986013986,0.0,0.18181818181818182,0.0,0.0,0.0,0.0,0.0,0.0,0.0,0.0,0.0,0.0,0.0
Simplified Bucklin,0.027972027972027972,0.0,0.2727272727272727,0.0,0.0,0.0,0.0,0.0,0.0,0.0,0.0,0.0,0.09090909090909091,0.0
Weighted Bucklin,0.006993006993006993,0.0,0.09090909090909091,0.0,0.0,0.0,0.0,0.0,0.0,0.0,0.0,0.0,0.0,0.0
Bracket Voting,0.0,0.0,0.0,0.0,0.0,0.0,0.0,0.0,0.0,0.0,0.0,0.0,0.0,0.0
Superior Voting,0.0,0.0,0.0,0.0,0.0,0.0,0.0,0.0,0.0,0.0,0.0,0.0,0.0,0.0
